[
    {
        "rows": [
            [
                {
                    "name": "name"
                },
                false
            ]
        ],
        "style": "default",
        "label": "Overview"
    },
    {
        "rows": [
            [
                {
                    "name": "type"
                },
                {
                    "name": "category"
                },
                {
                    "name": "code"
                }
            ]
        ],
        "style": "default",
        "noteStyle": "info",
        "label": ""
    }
]