{
    "fields": {
        "feedbackFormID": {
            "visible": {
                "conditionGroup": [
                    {
                        "type": "isNotEmpty",
                        "attribute": "id"
                    }
                ]
            }
        },
        "generatedTitle": {
            "visible": {
                "conditionGroup": [
                    {
                        "type": "isNotEmpty",
                        "attribute": "feedbackDescription"
                    },
                    {
                        "type": "isNotEmpty",
                        "attribute": "id"
                    }
                ]
            }
        }
    }
}