{
    "fields": {
        "insightsID": {
            "visible": {
                "conditionGroup": [
                    {
                        "type": "isNotEmpty",
                        "attribute": "createdAt"
                    }
                ]
            }
        },
        "feedbackForms": {
            "visible": {
                "conditionGroup": [
                    {
                        "type": "isEmpty",
                        "attribute": "modelResponse"
                    }
                ]
            }
        }
    }
}