[
    {
        "rows": [
            [
                {
                    "name": "freeTextPrompt"
                }
            ],
            [
                {
                    "name": "feedbackDatas"
                }
            ]
        ],
        "dynamicLogicVisible": null,
        "style": "info",
        "dynamicLogicStyled": null,
        "tabBreak": false,
        "hidden": false,
        "noteText": null,
        "noteStyle": "info",
        "customLabel": "Set context"
    },
    {
        "rows": [
            [
                {
                    "name": "modelResponse"
                }
            ]
        ],
        "dynamicLogicVisible": {
            "conditionGroup": [
                {
                    "type": "isNotEmpty",
                    "attribute": "modelResponse"
                }
            ]
        },
        "style": "info",
        "dynamicLogicStyled": null,
        "tabBreak": false,
        "hidden": false,
        "noteText": "Please note that this answer is generated by AI and only based solely on the information found in the provided feedback forms. It may contain inaccuracies or omissions: please verify any important information before relying on this answer.",
        "noteStyle": "warning",
        "customLabel": "Insight"
    }
]