[
    {
        "rows": [
            [
                {
                    "name": "taskName"
                },
                {
                    "name": "taskID"
                }
            ],
            [
                {
                    "name": "taskStatus"
                },
                {
                    "name": "dueDate"
                }
            ],
            [
                {
                    "name": "description"
                },
                {
                    "name": "cProgram"
                }
            ]
        ],
        "dynamicLogicVisible": null,
        "style": "success",
        "dynamicLogicStyled": null,
        "tabBreak": false,
        "hidden": false,
        "noteText": null,
        "customLabel": "Overview"
    }
]