{
    "fields": {
        "name": {
            "type": "varchar",
            "required": false,
            "pattern": "$noBadCharacters",
            "options": []
        },
        "description": {
            "type": "text"
        },
        "createdAt": {
            "notNull": false,
            "type": "datetime",
            "readOnly": true,
            "audited": false,
            "minuteStep": 1
        },
        "modifiedAt": {
            "type": "datetime",
            "readOnly": true
        },
        "createdBy": {
            "type": "link",
            "readOnly": true,
            "view": "views/fields/user"
        },
        "modifiedBy": {
            "type": "link",
            "readOnly": true,
            "view": "views/fields/user"
        },
        "assignedUser": {
            "type": "link",
            "required": false,
            "view": "views/fields/assigned-user"
        },
        "teams": {
            "type": "linkMultiple",
            "view": "views/fields/teams"
        },
        "insights": {
            "type": "linkMultiple"
        },
        "sourceLevel1": {
            "type": "linkOne"
        },
        "sourceLevel2": {
            "type": "linkOne"
        },
        "sourceLevel3": {
            "type": "linkOne"
        },
        "enumeratorName": {
            "type": "varchar",
            "maxLength": 100,
            "options": [],
            "audited": true
        },
        "enumeratorEmail": {
            "type": "varchar",
            "maxLength": 100,
            "options": [],
            "audited": true
        },
        "enumeratorPhone": {
            "type": "varchar",
            "maxLength": 100,
            "options": [],
            "audited": true
        },
        "datetimeReceived": {
            "notNull": false,
            "type": "datetime",
            "minuteStep": 10,
            "audited": true
        },
        "followUpNeeded": {
            "type": "enum",
            "options": [
                "",
                "yes",
                "no"
            ],
            "audited": true,
            "style": {
                "": null,
                "yes": null,
                "no": null
            },
            "maxLength": 100
        },
        "respondentName": {
            "type": "varchar",
            "maxLength": 100,
            "options": [],
            "audited": true
        },
        "respondentPhone": {
            "type": "varchar",
            "maxLength": 100,
            "options": [],
            "audited": true
        },
        "respondentAddress": {
            "type": "varchar",
            "maxLength": 100,
            "options": [],
            "audited": true
        },
        "feedbackChannel": {
            "type": "multiEnum",
            "storeArrayValues": true,
            "default": [],
            "options": [
                "face_to_face",
                "phone_call",
                "sms",
                "whatsapp",
                "facebook",
                "suggestion_box",
                "community_meeting",
                "physical_helpdesk",
                "email",
                "other",
                ""
            ],
            "style": {
                "face_to_face": null,
                "phone_call": null,
                "sms": null,
                "whatsapp": null,
                "facebook": null,
                "suggestion_box": null,
                "community_meeting": null,
                "physical_helpdesk": null,
                "email": null,
                "other": null,
                "": null
            },
            "audited": true
        },
        "preferredContactMethod": {
            "type": "multiEnum",
            "storeArrayValues": true,
            "options": [
                "phone_call",
                "sms",
                "facebook",
                "email",
                "whatsapp",
                "in_person_meeting",
                "no_response_needed",
                "other",
                ""
            ],
            "default": [],
            "audited": true,
            "style": {
                "phone_call": null,
                "sms": null,
                "facebook": null,
                "email": null,
                "whatsapp": null,
                "in_person_meeting": null,
                "no_response_needed": null,
                "other": null,
                "": null
            }
        },
        "preferredContactTime": {
            "type": "multiEnum",
            "storeArrayValues": true,
            "options": [
                "morning",
                "afternoon",
                "evening",
                ""
            ],
            "default": [],
            "audited": true,
            "style": {
                "morning": null,
                "afternoon": null,
                "evening": null,
                "": null
            }
        },
        "shareConsent": {
            "type": "enum",
            "options": [
                "",
                "yes_anonymously",
                "yes_with_name",
                "no"
            ],
            "audited": true,
            "style": {
                "": null,
                "yes_anonymously": null,
                "yes_with_name": null,
                "no": null
            },
            "maxLength": 100
        },
        "respondentAgeGroup": {
            "type": "enum",
            "options": [
                "",
                "under_18",
                "18_39",
                "40_59",
                "60_or_above",
                "prefer_not_to_say"
            ],
            "audited": true,
            "style": {
                "": null,
                "under_18": null,
                "18_39": null,
                "40_59": null,
                "60_or_above": null,
                "prefer_not_to_say": null
            },
            "maxLength": 100
        },
        "respondentGender": {
            "type": "enum",
            "options": [
                "",
                "female",
                "male",
                "other",
                "prefer_not_to_say"
            ],
            "audited": true,
            "style": {
                "": null,
                "female": null,
                "male": null,
                "other": null,
                "prefer_not_to_say": null
            },
            "maxLength": 100
        },
        "householdSize": {
            "type": "enum",
            "options": [
                "",
                "1",
                "2_3",
                "4_5",
                "6_8",
                "9_or_more",
                "prefer_not_to_say"
            ],
            "audited": true,
            "style": {
                "1": null,
                "": null,
                "2_3": null,
                "4_5": null,
                "6_8": null,
                "9_or_more": null,
                "prefer_not_to_say": null
            },
            "maxLength": 100
        },
        "communityGroup": {
            "type": "multiEnum",
            "storeArrayValues": true,
            "options": [
                "refugee",
                "idp",
                "local_community_member",
                "returnee",
                "other",
                ""
            ],
            "default": [],
            "allowCustomOptions": true,
            "audited": true,
            "style": {
                "refugee": null,
                "idp": null,
                "local_community_member": null,
                "returnee": null,
                "other": null,
                "": null
            }
        },
        "serviceArea": {
            "type": "multiEnum",
            "storeArrayValues": true,
            "options": [
                "health",
                "wash",
                "shelter",
                "food_assistance",
                "nutrition",
                "education",
                "livelihoods",
                "protection",
                "cccm",
                "logistics",
                "cva",
                "pss",
                "drr",
                "early_warning_systems",
                "gbv",
                "child_protection",
                "migration_and_displacement",
                "rfl",
                "nfi",
                "other"
            ],
            "default": [],
            "audited": true,
            "style": {
                "health": null,
                "wash": null,
                "shelter": null,
                "food_assistance": null,
                "nutrition": null,
                "education": null,
                "livelihoods": null,
                "protection": null,
                "cccm": null,
                "logistics": null,
                "cva": null,
                "pss": null,
                "drr": null,
                "early_warning_systems": null,
                "gbv": null,
                "child_protection": null,
                "migration_and_displacement": null,
                "rfl": null,
                "nfi": null,
                "other": null
            }
        },
        "project": {
            "type": "enum",
            "options": [
                "",
                "example_project_1",
                "example_project_2"
            ],
            "audited": true,
            "style": {
                "": null,
                "example_project_1": null,
                "example_project_2": null
            },
            "maxLength": 100
        },
        "feedbackDescription": {
            "type": "text",
            "rowsMin": 2,
            "cutHeight": 200,
            "audited": true
        },
        "feedbackType": {
            "type": "enum",
            "options": [
                "",
                "question",
                "request",
                "suggestion",
                "complaint",
                "compliment",
                "observation",
                "belief",
                "report_of_incident_or_concern",
                "other"
            ],
            "audited": true,
            "style": {
                "": null,
                "question": null,
                "request": null,
                "suggestion": null,
                "complaint": null,
                "compliment": null,
                "observation": null,
                "belief": null,
                "report_of_incident_or_concern": null,
                "other": null
            },
            "maxLength": 100
        },
        "topic": {
            "type": "enum",
            "options": [
                "",
                "example_topic_1",
                "example_topic_2"
            ],
            "audited": true,
            "style": {
                "": null,
                "example_topic_1": null,
                "example_topic_2": null
            },
            "maxLength": 100
        },
        "feedbackPriorityLevel": {
            "type": "enum",
            "options": [
                "",
                "high",
                "medium",
                "low"
            ],
            "audited": true,
            "style": {
                "": null,
                "high": "danger",
                "medium": "warning",
                "low": "success"
            },
            "maxLength": 100,
            "displayAsLabel": true
        },
        "additionalComments": {
            "type": "text",
            "rowsMin": 2,
            "cutHeight": 200,
            "audited": true
        },
        "processImprovementSuggestion": {
            "type": "text",
            "rowsMin": 2,
            "cutHeight": 200,
            "audited": true
        },
        "status": {
            "type": "enum",
            "options": [
                "open",
                "in_progress",
                "closed",
                ""
            ],
            "audited": true,
            "style": {
                "open": null,
                "in_progress": null,
                "closed": null,
                "": null
            },
            "maxLength": 100,
            "default": "open"
        },
        "actionTaken": {
            "type": "text",
            "rowsMin": 2,
            "cutHeight": 200,
            "audited": true
        },
        "responseGiven": {
            "type": "text",
            "rowsMin": 2,
            "cutHeight": 200,
            "audited": true
        },
        "datetimeClosed": {
            "notNull": false,
            "type": "datetime",
            "minuteStep": 10,
            "audited": true,
            "readOnly": true
        },
        "noteEnumerator": {
            "type": "text",
            "rowsMin": 2,
            "cutHeight": 200,
            "audited": true
        },
        "satisfactionScore": {
            "type": "enum",
            "options": [
                "",
                "5",
                "4",
                "3",
                "2",
                "1"
            ],
            "style": {
                "1": null,
                "2": null,
                "3": null,
                "4": null,
                "5": null,
                "": null
            },
            "audited": true,
            "maxLength": 100
        },
        "informationUseful": {
            "type": "enum",
            "options": [
                "",
                "yes",
                "no"
            ],
            "audited": true,
            "style": {
                "": null,
                "yes": null,
                "no": null
            },
            "maxLength": 100
        },
        "perceivedHelp": {
            "type": "enum",
            "options": [
                "",
                "yes",
                "no"
            ],
            "audited": true,
            "style": {
                "": null,
                "yes": null,
                "no": null
            },
            "maxLength": 100
        },
        "gpsCoordinates": {
            "type": "varchar",
            "maxLength": 100,
            "audited": true,
            "options": []
        },
        "branch": {
            "type": "enum",
            "options": [
                "",
                "example_branch_1",
                "example_branch_2"
            ],
            "audited": true,
            "style": {
                "": null,
                "example_branch_1": null,
                "example_branch_2": null
            },
            "maxLength": 100
        },
        "country": {
            "type": "enum",
            "options": [
                "",
                "example_country_1",
                "example_country_2"
            ],
            "audited": true,
            "style": {
                "": null,
                "example_country_1": null,
                "example_country_2": null
            },
            "maxLength": 100
        },
        "region": {
            "type": "enum",
            "options": [
                "",
                "region_example_1",
                "region_example_2"
            ],
            "audited": true,
            "style": {
                "": null,
                "region_example_1": null,
                "region_example_2": null
            },
            "maxLength": 100
        },
        "district": {
            "type": "enum",
            "options": [
                "",
                "district__example_1",
                "district_example_2"
            ],
            "audited": true,
            "style": {
                "": null,
                "district__example_1": null,
                "district_example_2": null
            },
            "maxLength": 100
        },
        "subDistrict": {
            "type": "enum",
            "options": [
                "",
                "subdistrict_example_1",
                "subdistrict_example_2"
            ],
            "audited": true,
            "style": {
                "": null,
                "subdistrict_example_1": null,
                "subdistrict_example_2": null
            },
            "maxLength": 100
        },
        "locality": {
            "type": "enum",
            "options": [
                "",
                "locality_example_1",
                "locality_example_2"
            ],
            "audited": true,
            "style": {
                "": null,
                "locality_example_1": null,
                "locality_example_2": null
            },
            "maxLength": 100
        },
        "site": {
            "type": "enum",
            "options": [
                "",
                "site_example_1",
                "site_example_2"
            ],
            "audited": true,
            "style": {
                "": null,
                "site_example_1": null,
                "site_example_2": null
            },
            "maxLength": 100
        },
        "sensitive": {
            "type": "enum",
            "options": [
                "",
                "yes",
                "no"
            ],
            "style": {
                "": null,
                "yes": null,
                "no": null
            },
            "maxLength": 100,
            "audited": true
        },
        "feedbackFormID": {
            "type": "number",
            "len": 36,
            "notNull": false,
            "unique": false,
            "nextNumber": 1,
            "padLength": 5,
            "copyToClipboard": true,
            "prefix": "Form-"
        },
        "datetimeFeedbackCollectionStarted": {
            "notNull": false,
            "type": "datetime",
            "minuteStep": 1,
            "audited": true
        },
        "datetimeFeedbackCollectionEnded": {
            "notNull": false,
            "type": "datetime",
            "minuteStep": 1,
            "audited": true
        },
        "koboToolboxFormID": {
            "type": "varchar",
            "maxLength": 100,
            "options": [],
            "audited": true,
            "readOnlyAfterCreate": true
        },
        "koboToolboxUUID": {
            "type": "varchar",
            "maxLength": 100,
            "options": [],
            "audited": true,
            "readOnlyAfterCreate": true
        },
        "koboToolboxFormVersion": {
            "type": "varchar",
            "maxLength": 100,
            "options": [],
            "audited": true,
            "readOnlyAfterCreate": true
        },
        "datetimeReceivedByKoboToolboxServer": {
            "notNull": false,
            "type": "datetime",
            "minuteStep": 1,
            "audited": true,
            "readOnlyAfterCreate": true
        },
        "nationalSociety": {
            "type": "enum",
            "options": [
                "",
                "example_national_society_1",
                "example_national_society_2"
            ],
            "style": {
                "": null,
                "example_national_society_1": null,
                "example_national_society_2": null
            },
            "audited": true,
            "maxLength": 100
        },
        "datetimeFeedbackCollectionStartedRaw": {
            "type": "varchar",
            "maxLength": 100,
            "audited": true,
            "readOnlyAfterCreate": true,
            "options": []
        },
        "datetimeFeedbackCollectionEndedRaw": {
            "type": "varchar",
            "maxLength": 100,
            "options": [],
            "audited": true,
            "readOnlyAfterCreate": true
        },
        "datetimeReceivedByKoboToolboxServerRaw": {
            "type": "varchar",
            "maxLength": 100,
            "audited": true,
            "readOnlyAfterCreate": true,
            "options": []
        },
        "datetimeReceivedRaw": {
            "type": "varchar",
            "maxLength": 100,
            "audited": true,
            "readOnlyAfterCreate": true,
            "options": []
        },
        "gpsLatitude": {
            "type": "varchar",
            "maxLength": 100,
            "audited": true,
            "options": []
        },
        "gpsLongitude": {
            "type": "varchar",
            "maxLength": 100,
            "options": [],
            "audited": true
        },
        "gpsAltitude": {
            "type": "varchar",
            "maxLength": 100,
            "options": [],
            "audited": true
        },
        "gpsAccuracy": {
            "type": "varchar",
            "maxLength": 100,
            "options": []
        },
        "deviceIDKoboToolbox": {
            "type": "varchar",
            "maxLength": 100,
            "options": [],
            "audited": true
        },
        "usernameKoboToolbox": {
            "type": "varchar",
            "maxLength": 100,
            "options": [],
            "audited": true
        },
        "phonenumberKoboToolbox": {
            "type": "varchar",
            "maxLength": 100,
            "options": [],
            "audited": true
        },
        "minutesDurationKoboForm": {
            "notNull": false,
            "type": "float",
            "audited": true
        },
        "programParticipantSelection": {
            "type": "multiEnum",
            "storeArrayValues": true,
            "default": [],
            "options": [
                "no-program",
                "program-example-1",
                "program-example-2"
            ],
            "style": {
                "no-program": null,
                "program-example-1": null,
                "program-example-2": null
            },
            "audited": true
        },
        "category": {
            "type": "enum",
            "options": [
                "",
                "example-1",
                "example-2"
            ],
            "style": {
                "": null,
                "example-1": null,
                "example-2": null
            },
            "audited": true,
            "maxLength": 100
        },
        "code": {
            "type": "enum",
            "options": [
                "",
                "example-1",
                "example-2"
            ],
            "audited": true,
            "style": {
                "": null,
                "example-1": null,
                "example-2": null
            },
            "maxLength": 100
        },
        "contactedBefore": {
            "type": "enum",
            "options": [
                "",
                "yes",
                "no"
            ],
            "style": {
                "": null,
                "yes": null,
                "no": null
            },
            "audited": true,
            "maxLength": 100
        },
        "feedbackFormParent": {
            "type": "link",
            "audited": true
        },
        "languageInteraction": {
            "type": "enum",
            "options": [
                "",
                "example_language_1",
                "example_language_2"
            ],
            "style": {
                "": null,
                "example_language_1": null,
                "example_language_2": null
            },
            "audited": true,
            "maxLength": 100
        },
        "proxyRespondent": {
            "type": "enum",
            "options": [
                "",
                "self",
                "someone_else",
                "community"
            ],
            "audited": true,
            "style": {
                "": null,
                "self": null,
                "someone_else": null,
                "community": null
            },
            "maxLength": 100
        },
        "secondaryPhoneNumber": {
            "type": "varchar",
            "maxLength": 100,
            "options": [],
            "audited": true
        }
    },
    "links": {
        "createdBy": {
            "type": "belongsTo",
            "entity": "User"
        },
        "modifiedBy": {
            "type": "belongsTo",
            "entity": "User"
        },
        "assignedUser": {
            "type": "belongsTo",
            "entity": "User"
        },
        "teams": {
            "type": "hasMany",
            "entity": "Team",
            "relationName": "entityTeam",
            "layoutRelationshipsDisabled": true
        },
        "insights": {
            "type": "hasMany",
            "relationName": "cFeedbackFormInsight",
            "foreign": "feedbackForms",
            "entity": "CInsight",
            "audited": true
        },
        "sourceLevel1": {
            "type": "hasOne",
            "foreign": "feedbackForm",
            "entity": "CSourceLevel1"
        },
        "sourceLevel2": {
            "type": "hasOne",
            "foreign": "feedbackForm",
            "entity": "CSourceLevel2"
        },
        "sourceLevel3": {
            "type": "hasOne",
            "foreign": "feedbackForm",
            "entity": "CSourceLevel3"
        },
        "feedbackForms": {
            "type": "hasMany",
            "foreign": "feedbackFormParent",
            "entity": "CFeedbackForm",
            "audited": true
        },
        "feedbackFormParent": {
            "type": "belongsTo",
            "foreign": "feedbackForms",
            "entity": "CFeedbackForm",
            "audited": true
        }
    },
    "collection": {
        "orderBy": "createdAt",
        "order": "desc",
        "textFilterFields": [
            "enumeratorName",
            "enumeratorEmail",
            "enumeratorPhone",
            "respondentName",
            "respondentPhone",
            "respondentAddress",
            "feedbackDescription",
            "additionalComments",
            "processImprovementSuggestion"
        ],
        "fullTextSearch": true,
        "countDisabled": false
    },
    "indexes": {
        "name": {
            "columns": [
                "name",
                "deleted"
            ]
        },
        "assignedUser": {
            "columns": [
                "assignedUserId",
                "deleted"
            ]
        },
        "createdAt": {
            "columns": [
                "createdAt"
            ]
        },
        "createdAtId": {
            "unique": true,
            "columns": [
                "createdAt",
                "id"
            ]
        }
    },
    "optimisticConcurrencyControl": false
}