{
    "controller": "controllers/record",
    "boolFilterList": [
        "onlyMy"
    ],
    "iconClass": "fas fa-clipboard-list",
    "relationshipPanels": {
        "insights": {
            "layout": null,
            "selectPrimaryFilterName": null
        },
        "sourceLevel1": {
            "layout": null,
            "selectPrimaryFilterName": null
        },
        "sourceLevel2": {
            "layout": null,
            "selectPrimaryFilterName": null
        },
        "sourceLevel3": {
            "layout": null,
            "selectPrimaryFilterName": null
        },
        "feedbackForms": {
            "layout": null,
            "selectPrimaryFilterName": null
        },
        "feedbackFormParent": {
            "layout": null,
            "selectPrimaryFilterName": null
        }
    },
    "kanbanViewMode": false,
    "color": null,
    "dynamicLogic": {
        "fields": {
            "feedbackFormParent": {
                "visible": {
                    "conditionGroup": [
                        {
                            "type": "isNotEmpty",
                            "attribute": "feedbackFormParentId",
                            "data": {
                                "field": "feedbackFormParent"
                            }
                        }
                    ]
                }
            },
            "feedbackForms": {
                "visible": {
                    "conditionGroup": [
                        {
                            "type": "equals",
                            "attribute": "contactedBefore",
                            "value": "yes"
                        }
                    ]
                }
            }
        }
    }
}