[
    {
        "rows": [
            [
                {
                    "name": "contactedBefore"
                },
                {
                    "name": "feedbackForms"
                },
                {
                    "name": "feedbackFormParent"
                }
            ],
            [
                {
                    "name": "feedbackFormID"
                },
                false,
                false,
                {
                    "name": "datetimeReceived"
                }
            ],
            [
                {
                    "name": "feedbackDescription"
                }
            ],
            [
                {
                    "name": "feedbackChannel"
                },
                false
            ],
            [
                {
                    "name": "serviceArea"
                },
                {
                    "name": "project"
                }
            ],
            [
                {
                    "name": "sensitive"
                },
                {
                    "name": "topic"
                }
            ],
            [
                {
                    "name": "sourceLevel1"
                },
                {
                    "name": "sourceLevel2"
                },
                {
                    "name": "sourceLevel3"
                }
            ],
            [
                {
                    "name": "additionalComments"
                }
            ],
            [
                {
                    "name": "processImprovementSuggestion"
                }
            ]
        ],
        "dynamicLogicVisible": null,
        "style": "info",
        "dynamicLogicStyled": null,
        "tabBreak": false,
        "hidden": false,
        "noteText": null,
        "noteStyle": "success",
        "customLabel": "Feedback Form Information"
    },
    {
        "rows": [
            [
                {
                    "name": "branch"
                },
                {
                    "name": "region"
                }
            ],
            [
                {
                    "name": "district"
                },
                {
                    "name": "subDistrict"
                }
            ],
            [
                {
                    "name": "locality"
                },
                {
                    "name": "site"
                }
            ]
        ],
        "dynamicLogicVisible": null,
        "style": "info",
        "dynamicLogicStyled": null,
        "tabBreak": false,
        "tabLabel": null,
        "hidden": false,
        "noteText": null,
        "noteStyle": "info",
        "customLabel": "Location"
    },
    {
        "rows": [
            [
                {
                    "name": "respondentAgeGroup"
                },
                {
                    "name": "respondentGender"
                }
            ],
            [
                {
                    "name": "householdSize"
                },
                false
            ],
            [
                {
                    "name": "communityGroup"
                },
                false
            ],
            [
                {
                    "name": "programParticipantSelection"
                },
                false
            ]
        ],
        "dynamicLogicVisible": null,
        "style": "info",
        "dynamicLogicStyled": null,
        "tabBreak": false,
        "tabLabel": null,
        "hidden": false,
        "noteText": null,
        "noteStyle": "info",
        "customLabel": "Feedback Respondent Information"
    },
    {
        "rows": [
            [
                {
                    "name": "followUpNeeded"
                },
                {
                    "name": "shareConsent"
                }
            ],
            [
                {
                    "name": "respondentName"
                },
                false
            ],
            [
                {
                    "name": "respondentPhone"
                },
                {
                    "name": "respondentAddress"
                }
            ],
            [
                {
                    "name": "preferredContactMethod"
                },
                {
                    "name": "preferredContactTime"
                }
            ]
        ],
        "dynamicLogicVisible": null,
        "style": "info",
        "dynamicLogicStyled": null,
        "tabBreak": false,
        "tabLabel": null,
        "hidden": false,
        "noteText": null,
        "noteStyle": "info",
        "customLabel": "Follow-up Needed"
    },
    {
        "rows": [
            [
                {
                    "name": "status"
                },
                {
                    "name": "feedbackPriorityLevel"
                },
                false,
                {
                    "name": "datetimeClosed"
                }
            ],
            [
                {
                    "name": "actionTaken"
                },
                false
            ],
            [
                {
                    "name": "responseGiven"
                },
                {
                    "name": "informationUseful"
                }
            ],
            [
                {
                    "name": "perceivedHelp"
                },
                {
                    "name": "satisfactionScore"
                }
            ]
        ],
        "dynamicLogicVisible": null,
        "style": "info",
        "dynamicLogicStyled": null,
        "tabBreak": false,
        "hidden": false,
        "noteText": null,
        "noteStyle": "info",
        "customLabel": "Action Panel"
    }
]